AirportID,Latitude,Longitude,AirportLatitude,AirportLongitude,PayingPax,Fare
PHX,33.639224,-111.89621,33.435893,-112.008254,1,18
PHX,33.639224,-111.89621,33.435893,-112.008254,2,36
PHX,33.639224,-111.89621,33.435893,-112.008254,6,108
PHX,33.639224,111.89621,33.435893,-112.008254,2,36
PHX,33.624801,-111.933007,33.435893,-112.008254,1,20
PHX,33.625796,-111.932793,33.435893,-112.008254,1,20
PHX,33.624801,-111.933007,33.435893,-112.008254,1,21
PHX,33.547957,-111.924799,33.435893,-112.008254,2,32
PHX,33.452292,-112.070359,33.435893,-112.008254,1,12
PHX,33.452292,-112.070359,33.435893,-112.008254,1,13
PHX,33.449593,-112.07132,33.435893,-112.008254,1,13
PHX,33.527192,-111.928425,33.435893,-112.008254,1,17
PHX,33.538605,-111.86971,33.435893,-112.008254,1,21
PHX,33.383306,-111.719169,33.435893,-112.008254,1,29
PHX,33.538605,-111.86971,33.435893,-112.008254,2,42
PHX,33.408114,-111.68446,33.435893,-112.008254,2,42
PHX,33.449593,-112.07132,33.435893,-112.008254,1,12
PHX,33.451859,-112.07003,33.435893,-112.008254,1,13
PHX,33.449593,-112.07132,33.435893,-112.008254,1,13
PHX,33.594613,-112.063948,33.435893,-112.008254,1,17
PHX,33.387461,-111.85366,33.435893,-112.008254,1,16
PHX,33.510481,-111.92588,33.435893,-112.008254,1,17
PHX,33.449946,-112.071984,33.435893,-112.008254,1,12
PHX,33.449593,-112.07132,33.435893,-112.008254,1,13
PHX,33.62296,-111.93392,33.435893,-112.008254,1,21
PHX,33.449593,-112.07132,33.435893,-112.008254,1,13
PHX,33.376256,-111.97182,33.435893,-112.008254,2,34
PHX,33.449593,-112.07132,33.435893,-112.008254,1,13
PHX,33.624801,-111.933007,33.435893,-112.008254,1,20
PHX,33.452292,-112.070359,33.435893,-112.008254,1,12
PHX,33.452292,-112.070359,33.435893,-112.008254,1,13
PHX,33.522442,-112.02228,33.435893,-112.008254,1,14
PHX,33.555062,-112.111177,33.435893,-112.008254,2,32
PHX,33.449593,-112.07132,33.435893,-112.008254,2,26
PHX,33.548098,-111.91671,33.435893,-112.008254,1,21
PHX,33.516701,-112.03003,33.435893,-112.008254,1,15
PHX,33.647781,-111.91112,33.435893,-112.008254,2,35.2
PHX,33.452237,-112.070541,33.435893,-112.008254,2,26
PHX,33.566803,-111.92161,33.435893,-112.008254,1,21
PHX,33.376256,-111.97182,33.435893,-112.008254,1,16
PHX,33.452237,-112.070541,33.435893,-112.008254,1,13
PHX,33.624801,-111.933007,33.435893,-112.008254,1,20
PHX,33.436729,-112.03642,33.435893,-112.008254,1,8
PHX,33.376256,-111.97182,33.435893,-112.008254,1,17
PHX,33.524305,-112.022672,33.435893,-112.008254,1,15
PHX,33.452292,-112.070359,33.435893,-112.008254,1,13
PHX,33.449946,-112.071984,33.435893,-112.008254,1,13
PHX,33.350044,-111.974612,33.435893,-112.008254,1,17
PHX,33.449946,-112.071984,33.435893,-112.008254,1,12
PHX,33.710799,-112.102937,33.435893,-112.008254,1,30
PHX,33.625796,-111.932793,33.435893,-112.008254,1,20
PHX,33.524305,-112.022672,33.435893,-112.008254,1,14
PHX,33.499129,-111.92441,33.435893,-112.008254,1,16
PHX,33.374266,-111.971726,33.435893,-112.008254,1,17
PHX,33.449946,-112.071984,33.435893,-112.008254,3,39
PHX,33.625796,-111.932793,33.435893,-112.008254,1,21
PHX,33.625064,-111.933618,33.435893,-112.008254,2,42
PHX,33.420452,-111.828619,33.435893,-112.008254,1,17
PHX,33.449946,-112.071984,33.435893,-112.008254,1,13
PHX,33.449593,-112.07132,33.435893,-112.008254,1,11
PHX,33.625796,-111.932793,33.435893,-112.008254,1,21
PHX,33.449946,-112.071984,33.435893,-112.008254,2,24
PHX,33.522442,-112.02228,33.435893,-112.008254,1,14
PHX,33.585099,-112.06346,33.435893,-112.008254,2,30
PHX,33.639224,-111.89621,33.435893,-112.008254,1,25
PHX,33.647627,-111.909431,33.435893,-112.008254,2,38
PHX,33.449593,-112.07132,33.435893,-112.008254,1,13
PHX,33.512365,-112.11689,33.435893,-112.008254,1,15
PHX,33.512365,-112.11689,33.435893,-112.008254,1,15
PHX,33.683434,-111.966133,33.435893,-112.008254,1,23
PHX,33.452292,-112.070359,33.435893,-112.008254,1,13
PHX,33.484292,-111.92603,33.435893,-112.008254,1,17
PHX,33.484484,-111.924974,33.435893,-112.008254,1,17
PHX,33.378118,-111.96596,33.435893,-112.008254,2,26
PHX,33.683434,-111.966133,33.435893,-112.008254,1,23
PHX,33.512365,-112.11689,33.435893,-112.008254,1,15
PHX,33.683434,-111.966133,33.435893,-112.008254,1,23
PHX,33.447335,-112.073424,33.435893,-112.008254,1,12
PHX,33.683434,-111.966133,33.435893,-112.008254,1,23
PHX,33.449946,-112.071984,33.435893,-112.008254,1,12
PHX,33.595608,-111.985803,33.435893,-112.008254,3,63
PHX,33.38987,-111.85188,33.435893,-112.008254,1,17
PHX,33.451666,-112.073045,33.435893,-112.008254,1,13
PHX,33.449946,-112.071984,33.435893,-112.008254,2,26
PHX,33.449946,-112.071984,33.435893,-112.008254,1,12
PHX,33.449946,-112.071984,33.435893,-112.008254,1,13
PHX,33.449824,-112.071894,33.435893,-112.008254,2,26
PHX,33.622348,-111.91811,33.435893,-112.008254,1,21
PHX,33.49681,-111.92484,33.435893,-112.008254,2,30
PHX,33.63769,-111.897152,33.435893,-112.008254,1,25
PHX,33.492289,-112.07529,33.435893,-112.008254,1,15
PHX,33.683434,-111.966133,33.435893,-112.008254,1,23
PHX,33.6813,-111.9662,33.435893,-112.008254,1,23
PHX,33.63769,-111.897152,33.435893,-112.008254,1,25
PHX,33.376256,-111.97182,33.435893,-112.008254,1,16
PHX,33.637686,-111.896871,33.435893,-112.008254,1,25
PHX,33.376256,-111.97182,33.435893,-112.008254,1,17
PHX,33.376256,-111.97182,33.435893,-112.008254,1,16
PHX,33.376256,-111.97182,33.435893,-112.008254,2,34
PHX,33.5995,-111.7556,33.435893,-112.008254,1,38
PHX,33.376256,-111.97182,33.435893,-112.008254,1,17
PHX,33.451859,-112.07003,33.435893,-112.008254,1,12
PHX,33.376256,-111.97182,33.435893,-112.008254,1,17
PHX,33.639224,-111.89621,33.435893,-112.008254,1,25
PHX,33.522442,-112.02228,33.435893,-112.008254,2,28
PHX,33.54781,-112.046757,33.435893,-112.008254,1,17
PHX,33.374266,-111.971726,33.435893,-112.008254,1,17
PHX,33.374266,-111.971726,33.435893,-112.008254,1,16
PHX,33.596778,-112.064907,33.435893,-112.008254,1,17
PHX,33.585006,-112.116056,33.435893,-112.008254,1,21
PHX,33.64516,-111.917529,33.435893,-112.008254,1,25
PHX,33.585012,-112.116046,33.435893,-112.008254,1,21
PHX,33.449946,-112.071984,33.435893,-112.008254,2,24
PHX,33.449824,-112.071894,33.435893,-112.008254,1,13
PHX,33.374266,-111.971726,33.435893,-112.008254,1,17
PHX,33.374266,-111.971726,33.435893,-112.008254,1,17
PHX,33.512365,-112.11689,33.435893,-112.008254,1,15
PHX,33.374266,-111.971726,33.435893,-112.008254,1,17
PHX,33.376256,-111.97182,33.435893,-112.008254,1,17
PHX,33.378002,-111.96311,33.435893,-112.008254,1,15
PHX,33.376256,-111.97182,33.435893,-112.008254,1,16
PHX,33.304667,-111.903688,33.435893,-112.008254,1,21
PHX,33.639224,-111.89621,33.435893,-112.008254,2,34
PHX,33.374266,-111.971726,33.435893,-112.008254,1,17
PHX,33.374266,-111.971726,33.435893,-112.008254,2,34
PHX,33.376256,-111.97182,33.435893,-112.008254,1,16
PHX,33.639224,-111.89621,33.435893,-112.008254,2,30
PHX,33.378056,-111.97056,33.435893,-112.008254,1,15
PHX,33.374266,-111.971726,33.435893,-112.008254,3,51
PHX,33.415693,-111.79293,33.435893,-112.008254,1,20
PHX,33.374266,-111.971726,33.435893,-112.008254,1,17
PHX,33.707012,-112.113371,33.435893,-112.008254,1,30
PHX,33.54175,-112.2596,33.435893,-112.008254,3,69
PHX,33.449593,-112.07132,33.435893,-112.008254,1,12
PHX,33.375233,-111.971407,33.435893,-112.008254,1,17
PHX,33.683434,-111.966133,33.435893,-112.008254,1,23
PHX,33.596778,-112.064907,33.435893,-112.008254,1,16
PHX,33.541244,-112.261101,33.435893,-112.008254,1,24
PHX,33.639224,-111.89621,33.435893,-112.008254,1,15
PHX,33.414219,-111.895818,33.435893,-112.008254,1,13
PHX,33.629356,-111.938205,33.435893,-112.008254,1,28
PHX,33.639224,-111.89621,33.435893,-112.008254,1,15
PHX,33.49681,-111.92484,33.435893,-112.008254,3,51
PHX,33.6813,-111.9662,33.435893,-112.008254,1,23
PHX,33.419859,-111.828731,33.435893,-112.008254,1,17
PHX,33.638737,-111.922914,33.435893,-112.008254,1,25
PHX,33.614161,-111.893,33.435893,-112.008254,1,20
PHX,33.51066,-112.0251,33.435893,-112.008254,1,15
PHX,33.625796,-111.932793,33.435893,-112.008254,1,21
PHX,33.452292,-112.070359,33.435893,-112.008254,1,13
PHX,33.62296,-111.93392,33.435893,-112.008254,1,21
PHX,33.639224,-111.89621,33.435893,-112.008254,3,54
PHX,33.639224,-111.89621,33.435893,-112.008254,1,25
PHX,33.510481,-111.92588,33.435893,-112.008254,1,17
PHX,33.639224,-111.89621,33.435893,-112.008254,5,90
PHX,33.578967,-112.119713,33.435893,-112.008254,1,17
PHX,33.625796,-111.932793,33.435893,-112.008254,1,21
PHX,33.625796,-111.932793,33.435893,-112.008254,1,21
PHX,33.492814,-111.93356,33.435893,-112.008254,1,17
PHX,33.623836,-112.18556,33.435893,-112.008254,1,28
PHX,33.545272,-111.89224,33.435893,-112.008254,1,21
PHX,33.496482,-111.924681,33.435893,-112.008254,1,17
PHX,33.408114,-111.68446,33.435893,-112.008254,1,21
PHX,33.378056,-111.97056,33.435893,-112.008254,1,15
PHX,33.538605,-111.86971,33.435893,-112.008254,1,21
PHX,33.6813,-111.9662,33.435893,-112.008254,1,23
PHX,33.451859,-112.07003,33.435893,-112.008254,1,13
PHX,33.451859,-112.07003,33.435893,-112.008254,1,13
PHX,33.350044,-111.974612,33.435893,-112.008254,1,17
PHX,33.449593,-112.07132,33.435893,-112.008254,1,13
PHX,33.510108,-111.92439,33.435893,-112.008254,1,17
PHX,33.538605,-111.86971,33.435893,-112.008254,1,21
PHX,33.451859,-112.07003,33.435893,-112.008254,2,26
PHX,33.545272,-111.89224,33.435893,-112.008254,1,21
PHX,33.614162,-111.893,33.435893,-112.008254,1,20
PHX,33.412016,-111.970081,33.435893,-112.008254,1,13
PHX,33.412247,-111.97235,33.435893,-112.008254,1,15
PHX,33.548098,-111.91671,33.435893,-112.008254,1,21
PHX,33.482229,-112.07568,33.435893,-112.008254,1,15
PHX,33.51066,-112.0251,33.435893,-112.008254,1,15
PHX,33.486226,-111.925466,33.435893,-112.008254,2,34
PHX,33.548745,-111.91569,33.435893,-112.008254,1,21
PHX,33.634176,-112.377086,33.435893,-112.008254,1,32
PHX,33.449946,-112.071984,33.435893,-112.008254,1,13
PHX,33.62296,-111.93392,33.435893,-112.008254,1,20
PHX,33.449824,-112.071894,33.435893,-112.008254,2,26
PHX,33.62296,-111.93392,33.435893,-112.008254,1,21
PHX,33.452292,-112.070359,33.435893,-112.008254,1,13
PHX,33.362602,-111.84107,33.435893,-112.008254,1,17
PHX,33.449946,-112.071984,33.435893,-112.008254,1,13
PHX,33.451859,-112.07003,33.435893,-112.008254,2,26
PHX,33.449946,-112.071984,33.435893,-112.008254,2,26
PHX,33.493499,-111.933452,33.435893,-112.008254,2,32
PHX,33.451859,-112.07003,33.435893,-112.008254,1,13
PHX,33.449593,-112.07132,33.435893,-112.008254,2,26
PHX,33.449593,-112.07132,33.435893,-112.008254,2,26
PHX,33.574348,-112.11662,33.435893,-112.008254,1,17
PHX,33.449946,-112.071984,33.435893,-112.008254,1,13
PHX,33.516701,-112.03003,33.435893,-112.008254,1,15
PHX,33.403086,-111.662773,33.435893,-112.008254,2,41
PHX,33.449946,-112.071984,33.435893,-112.008254,1,13
PHX,33.449946,-112.071984,33.435893,-112.008254,1,13
PHX,33.452292,-112.070359,33.435893,-112.008254,1,12
PHX,33.452292,-112.070359,33.435893,-112.008254,1,13
PHX,33.624801,-111.933007,33.435893,-112.008254,1,20
PHX,33.625796,-111.932793,33.435893,-112.008254,1,20
PHX,33.548922,-111.91534,33.435893,-112.008254,1,21
PHX,33.449946,-112.071984,33.435893,-112.008254,1,13
PHX,33.449946,-112.071984,33.435893,-112.008254,2,26
PHX,33.449946,-112.071984,33.435893,-112.008254,2,26
PHX,33.583504,-111.790131,33.435893,-112.008254,2,50
PHX,33.582755,-111.96057,33.435893,-112.008254,1,21
PHX,33.449946,-112.071984,33.435893,-112.008254,1,13
PHX,33.451666,-112.073045,33.435893,-112.008254,1,13
PHX,33.452292,-112.070359,33.435893,-112.008254,1,12
PHX,33.419537,-111.82797,33.435893,-112.008254,1,17
PHX,33.449946,-112.071984,33.435893,-112.008254,1,12
PHX,33.661677,-111.95893,33.435893,-112.008254,1,23
PHX,33.661613,-111.958925,33.435893,-112.008254,1,22
PHX,33.512365,-112.11689,33.435893,-112.008254,1,15
PHX,33.62296,-111.93392,33.435893,-112.008254,1,20
PHX,33.625796,-111.932793,33.435893,-112.008254,1,20
PHX,33.452136,-112.07374,33.435893,-112.008254,2,24
PHX,33.595732,-111.98569,33.435893,-112.008254,1,20
PHX,33.449946,-112.071984,33.435893,-112.008254,1,13
PHX,33.524305,-112.022672,33.435893,-112.008254,1,15
PHX,33.375233,-111.971407,33.435893,-112.008254,2,34
PHX,33.566811,-111.918196,33.435893,-112.008254,1,21
PHX,33.548745,-111.91569,33.435893,-112.008254,1,20
PHX,33.452292,-112.070359,33.435893,-112.008254,1,12
PHX,33.376256,-111.97182,33.435893,-112.008254,1,17
PHX,33.376256,-111.97182,33.435893,-112.008254,1,17
PHX,33.51133,-112.113512,33.435893,-112.008254,1,15
PHX,33.37782,-111.96313,33.435893,-112.008254,1,15
PHX,33.305457,-111.90359,33.435893,-112.008254,1,21
PHX,33.292133,-111.7545,33.435893,-112.008254,1,24
PHX,33.37782,-111.96313,33.435893,-112.008254,1,15
PHX,33.49681,-111.92484,33.435893,-112.008254,4,60
PHX,33.49681,-111.92484,33.435893,-112.008254,3,45
PHX,33.49681,-111.92484,33.435893,-112.008254,4,60
PHX,33.449946,-112.071984,33.435893,-112.008254,1,13
PHX,33.376256,-111.97182,33.435893,-112.008254,1,16
PHX,33.376256,-111.97182,33.435893,-112.008254,1,17
PHX,33.49681,-111.92484,33.435893,-112.008254,4,60
PHX,33.512365,-112.11689,33.435893,-112.008254,1,15
PHX,33.512365,-112.11689,33.435893,-112.008254,1,15
PHX,33.376256,-111.97182,33.435893,-112.008254,1,17
PHX,33.447393,-112.073268,33.435893,-112.008254,1,12
PHX,33.303922,-111.842728,33.435893,-112.008254,1,20
PHX,33.64516,-111.917529,33.435893,-112.008254,1,25
PHX,33.66329,-111.95478,33.435893,-112.008254,2,46
PHX,33.644802,-111.9146,33.435893,-112.008254,1,25
PHX,33.512366,-112.114199,33.435893,-112.008254,1,14
PHX,33.683434,-111.966133,33.435893,-112.008254,1,23
PHX,33.499129,-111.92441,33.435893,-112.008254,1,17
PHX,33.376256,-111.97182,33.435893,-112.008254,1,17
PHX,33.374266,-111.971726,33.435893,-112.008254,1,17
PHX,33.376256,-111.97182,33.435893,-112.008254,1,17
PHX,33.378002,-111.96311,33.435893,-112.008254,1,15
PHX,33.376256,-111.97182,33.435893,-112.008254,1,17
PHX,33.376256,-111.97182,33.435893,-112.008254,1,17
PHX,33.639224,-111.89621,33.435893,-112.008254,2,30
PHX,33.639224,-111.89621,33.435893,-112.008254,2,30
PHX,33.374266,-111.971726,33.435893,-112.008254,1,17
PHX,33.449593,-112.07132,33.435893,-112.008254,1,13
PHX,33.376256,-111.97182,33.435893,-112.008254,1,17
PHX,33.564377,-111.923527,33.435893,-112.008254,1,21
PHX,33.491415,-112.07905,33.435893,-112.008254,1,15
PHX,33.450383,-112.075795,33.435893,-112.008254,1,13
PHX,33.374266,-111.971726,33.435893,-112.008254,2,34
PHX,33.374266,-111.971726,33.435893,-112.008254,1,16
PHX,33.512366,-112.114199,33.435893,-112.008254,2,28
PHX,33.455387,-111.987,33.435893,-112.008254,1,15
PHX,33.625796,-111.932793,33.435893,-112.008254,1,21
PHX,33.639224,-111.89621,33.435893,-112.008254,2,35.2
PHX,33.531256,-112.265334,33.435893,-112.008254,1,17
PHX,33.304321,-111.97068,33.435893,-112.008254,1,20
PHX,33.452237,-112.070541,33.435893,-112.008254,1,13
PHX,33.540935,-111.926711,33.435893,-112.008254,1,16
PHX,33.639224,-111.89621,33.435893,-112.008254,4,72
PHX,33.632424,-112.235851,33.435893,-112.008254,1,25
PHX,33.510481,-111.92588,33.435893,-112.008254,1,17
PHX,33.639224,-111.89621,33.435893,-112.008254,2,36
PHX,33.409918,-112.03109,33.435893,-112.008254,1,11
PHX,33.614207,-111.893353,33.435893,-112.008254,1,19
PHX,33.538605,-111.86971,33.435893,-112.008254,1,21
PHX,33.291406,-111.752802,33.435893,-112.008254,1,29
PHX,33.538605,-111.86971,33.435893,-112.008254,1,21
PHX,33.538605,-111.86971,33.435893,-112.008254,1,21
PHX,33.510481,-111.92588,33.435893,-112.008254,1,17
PHX,33.449593,-112.07132,33.435893,-112.008254,1,13
PHX,33.510481,-111.92588,33.435893,-112.008254,1,17
PHX,33.408114,-111.68446,33.435893,-112.008254,1,21
PHX,33.530945,-111.97211,33.435893,-112.008254,1,17
PHX,33.451859,-112.07003,33.435893,-112.008254,1,13
PHX,33.451859,-112.07003,33.435893,-112.008254,1,13
PHX,33.415446,-111.72325,33.435893,-112.008254,2,37
PHX,33.449946,-112.071984,33.435893,-112.008254,2,26
PHX,33.449946,-112.071984,33.435893,-112.008254,1,13
PHX,33.621441,-111.937781,33.435893,-112.008254,2,42
PHX,33.62296,-111.93392,33.435893,-112.008254,1,21
PHX,33.526611,-111.92785,33.435893,-112.008254,1,17
PHX,33.459384,-112.34202,33.435893,-112.008254,2,50
PHX,33.511077,-112.024948,33.435893,-112.008254,1,15
PHX,33.452292,-112.070359,33.435893,-112.008254,1,13
PHX,33.449946,-112.071984,33.435893,-112.008254,1,13
PHX,33.449593,-112.07132,33.435893,-112.008254,1,13
PHX,33.449593,-112.07132,33.435893,-112.008254,1,13
PHX,33.510086,-111.924936,33.435893,-112.008254,1,17
PHX,33.451859,-112.07003,33.435893,-112.008254,1,13
PHX,33.449593,-112.07132,33.435893,-112.008254,2,26
PHX,33.350044,-111.974612,33.435893,-112.008254,1,17
PHX,33.534114,-111.964402,33.435893,-112.008254,1,17
PHX,33.449824,-112.071894,33.435893,-112.008254,1,13
PHX,33.449946,-112.071984,33.435893,-112.008254,1,13
PHX,33.644802,-111.9146,33.435893,-112.008254,1,25
PHX,33.595732,-111.98569,33.435893,-112.008254,1,21
PHX,33.647781,-111.91112,33.435893,-112.008254,2,38
PHX,33.46593,-112.15834,33.435893,-112.008254,1,16
PHX,33.5122,-111.8915,33.435893,-112.008254,1,17
PHX,33.5122,-111.8915,33.435893,-112.008254,1,17
PHX,33.607978,-111.92597,33.435893,-112.008254,1,21
PHX,33.452292,-112.070359,33.435893,-112.008254,1,13
PHX,33.449593,-112.07132,33.435893,-112.008254,2,26
PHX,33.3881,-111.85361,33.435893,-112.008254,1,17
PHX,33.451859,-112.07003,33.435893,-112.008254,1,13
PHX,33.449593,-112.07132,33.435893,-112.008254,1,13
PHX,33.452292,-112.070359,33.435893,-112.008254,4,52
PHX,33.548098,-111.91671,33.435893,-112.008254,1,21
PHX,33.505765,-112.03213,33.435893,-112.008254,1,15
PHX,33.516701,-112.03003,33.435893,-112.008254,1,15
PHX,33.449946,-112.071984,33.435893,-112.008254,1,13
PHX,33.387685,-111.78817,33.435893,-112.008254,2,42
PHX,33.449946,-112.071984,33.435893,-112.008254,2,26
PHX,33.449946,-112.071984,33.435893,-112.008254,1,13
PHX,33.375233,-111.971407,33.435893,-112.008254,1,17
PHX,33.548567,-111.916362,33.435893,-112.008254,1,20
PHX,33.625064,-111.933618,33.435893,-112.008254,3,63
PHX,33.449946,-112.071984,33.435893,-112.008254,1,13
PHX,33.625796,-111.932793,33.435893,-112.008254,1,20
PHX,33.449946,-112.071984,33.435893,-112.008254,3,39
PHX,33.566803,-111.92161,33.435893,-112.008254,1,20
PHX,33.449946,-112.071984,33.435893,-112.008254,1,13
PHX,33.449946,-112.071984,33.435893,-112.008254,2,26
PHX,33.449946,-112.071984,33.435893,-112.008254,1,13
PHX,33.525269,-112.023142,33.435893,-112.008254,1,14
PHX,33.645159,-111.917536,33.435893,-112.008254,1,25
PHX,33.532799,-112.263446,33.435893,-112.008254,1,24
PHX,33.449946,-112.071984,33.435893,-112.008254,2,26
PHX,33.516701,-112.03003,33.435893,-112.008254,1,15
PHX,33.449946,-112.071984,33.435893,-112.008254,3,36
PHX,33.6813,-111.9662,33.435893,-112.008254,1,23
PHX,33.512365,-112.11689,33.435893,-112.008254,2,30
PHX,33.516701,-112.03003,33.435893,-112.008254,1,15
PHX,33.378406,-111.96357,33.435893,-112.008254,1,15
PHX,33.637686,-111.896871,33.435893,-112.008254,1,25
PHX,33.522442,-112.02228,33.435893,-112.008254,1,14
PHX,33.452292,-112.070359,33.435893,-112.008254,1,13
PHX,33.516701,-112.03003,33.435893,-112.008254,1,15
PHX,33.449593,-112.07132,33.435893,-112.008254,1,13
PHX,33.644802,-111.9146,33.435893,-112.008254,1,25
PHX,33.449946,-112.071984,33.435893,-112.008254,1,13
PHX,33.512365,-112.11689,33.435893,-112.008254,1,15
PHX,33.350044,-111.974612,33.435893,-112.008254,1,17
PHX,33.449946,-112.071984,33.435893,-112.008254,1,13
PHX,33.639224,-111.89621,33.435893,-112.008254,1,24
PHX,33.333629,-111.970239,33.435893,-112.008254,1,17
PHX,33.449946,-112.071984,33.435893,-112.008254,2,26
PHX,33.524305,-112.022672,33.435893,-112.008254,2,30
PHX,33.568564,-112.115408,33.435893,-112.008254,1,17
PHX,33.645159,-111.917536,33.435893,-112.008254,1,25
PHX,33.449946,-112.071984,33.435893,-112.008254,1,13
PHX,33.683434,-111.966133,33.435893,-112.008254,1,23
PHX,33.660221,-112.37813,33.435893,-112.008254,1,32
PHX,33.492289,-112.07529,33.435893,-112.008254,1,15
PHX,33.494822,-111.92322,33.435893,-112.008254,2,30
PHX,33.49681,-111.92484,33.435893,-112.008254,3,45
PHX,33.376256,-111.97182,33.435893,-112.008254,1,17
PHX,33.376256,-111.97182,33.435893,-112.008254,1,17
PHX,33.683434,-111.966133,33.435893,-112.008254,1,23
PHX,33.376256,-111.97182,33.435893,-112.008254,1,17
PHX,33.512365,-112.11689,33.435893,-112.008254,1,15
PHX,33.49681,-111.92484,33.435893,-112.008254,4,60
PHX,33.449946,-112.071984,33.435893,-112.008254,1,12
PHX,33.376256,-111.97182,33.435893,-112.008254,1,16
PHX,33.376256,-111.97182,33.435893,-112.008254,1,17
PHX,33.575386,-111.926619,33.435893,-112.008254,4,84
PHX,33.49681,-111.92484,33.435893,-112.008254,2,30
PHX,33.376256,-111.97182,33.435893,-112.008254,1,16
PHX,33.376212,-111.96213,33.435893,-112.008254,1,15
PHX,33.572168,-112.115979,33.435893,-112.008254,1,16
PHX,33.625064,-111.933618,33.435893,-112.008254,1,21
PHX,33.637048,-112.236807,33.435893,-112.008254,1,25
PHX,33.637686,-111.896871,33.435893,-112.008254,1,25
PHX,33.645159,-111.917536,33.435893,-112.008254,1,25
PHX,33.447393,-112.073268,33.435893,-112.008254,1,13
PHX,33.522442,-112.02228,33.435893,-112.008254,1,15
PHX,33.447393,-112.073268,33.435893,-112.008254,1,13
PHX,33.625796,-111.932793,33.435893,-112.008254,1,20
PHX,33.639224,-111.89621,33.435893,-112.008254,1,15
PHX,33.513855,-111.890138,33.435893,-112.008254,1,16
PHX,33.639224,-111.89621,33.435893,-112.008254,2,30
PHX,33.639224,-111.89621,33.435893,-112.008254,2,30
PHX,33.374266,-111.971726,33.435893,-112.008254,1,16
PHX,33.639224,-111.89621,33.435893,-112.008254,5,85
PHX,33.378002,-111.96311,33.435893,-112.008254,1,14
PHX,33.49681,-111.92484,33.435893,-112.008254,4,60
PHX,33.639224,-111.89621,33.435893,-112.008254,1,15
PHX,33.707012,-112.113371,33.435893,-112.008254,1,30
PHX,33.374266,-111.971726,33.435893,-112.008254,1,17
PHX,33.573896,-112.115815,33.435893,-112.008254,1,16
PHX,33.374266,-111.971726,33.435893,-112.008254,1,17
PHX,33.374266,-111.971726,33.435893,-112.008254,1,17
PHX,33.376946,-111.962079,33.435893,-112.008254,1,14
PHX,33.374266,-111.971726,33.435893,-112.008254,1,17
PHX,33.375233,-111.971407,33.435893,-112.008254,1,17
PHX,33.374266,-111.971726,33.435893,-112.008254,2,32
PHX,33.374266,-111.971726,33.435893,-112.008254,1,17
PHX,33.509949,-111.925991,33.435893,-112.008254,1,13.6
PHX,33.376946,-111.962079,33.435893,-112.008254,1,14
PHX,33.376256,-111.97182,33.435893,-112.008254,1,16
PHX,33.707012,-112.113371,33.435893,-112.008254,1,30
PHX,33.374266,-111.971726,33.435893,-112.008254,1,17
PHX,33.452292,-112.070359,33.435893,-112.008254,1,13
PHX,33.547723,-111.92569,33.435893,-112.008254,2,34
PHX,33.508805,-111.92525,33.435893,-112.008254,1,17
PHX,33.451859,-112.07003,33.435893,-112.008254,4,52
PHX,33.451859,-112.07003,33.435893,-112.008254,7,91
PHX,33.451859,-112.07003,33.435893,-112.008254,2,26
PHX,33.639224,-111.89621,33.435893,-112.008254,2,50
PHX,33.530694,-111.924209,33.435893,-112.008254,1,16
PHX,33.452292,-112.070359,33.435893,-112.008254,1,13
PHX,33.6813,-111.9662,33.435893,-112.008254,1,23
PHX,33.449593,-112.07132,33.435893,-112.008254,1,13
PHX,33.451859,-112.07003,33.435893,-112.008254,2,26
PHX,33.452292,-112.070359,33.435893,-112.008254,1,13
PHX,33.424066,-111.98084,33.435893,-112.008254,1,13
PHX,33.374266,-111.971726,33.435893,-112.008254,1,16
PHX,33.374266,-111.971726,33.435893,-112.008254,1,16
PHX,33.374266,-111.971726,33.435893,-112.008254,1,17
PHX,33.374266,-111.971726,33.435893,-112.008254,1,17
PHX,33.374266,-111.971726,33.435893,-112.008254,1,17
PHX,33.374266,-111.971726,33.435893,-112.008254,1,17
PHX,33.374266,-111.971726,33.435893,-112.008254,2,34
PHX,33.683434,-111.966133,33.435893,-112.008254,1,22
PHX,33.625064,-111.933618,33.435893,-112.008254,1,21
PHX,33.644061,-112.22329,33.435893,-112.008254,1,25
PHX,33.683434,-111.966133,33.435893,-112.008254,2,46
PHX,33.70684,-112.11428,33.435893,-112.008254,1,30
PHX,33.450308,-112.07358,33.435893,-112.008254,2,26
PHX,33.451859,-112.07003,33.435893,-112.008254,1,12
PHX,33.681377,-111.968137,33.435893,-112.008254,1,17.6
PHX,33.451479,-112.0793,33.435893,-112.008254,1,13
PHX,33.451859,-112.07003,33.435893,-112.008254,2,26
PHX,33.683527,-111.965911,33.435893,-112.008254,1,22
PHX,33.452292,-112.070359,33.435893,-112.008254,1,12
PHX,33.683527,-111.965911,33.435893,-112.008254,2,44
PHX,33.452237,-112.070541,33.435893,-112.008254,1,12
PHX,33.484292,-111.92603,33.435893,-112.008254,1,17
PHX,33.661613,-111.958925,33.435893,-112.008254,1,22
PHX,33.451859,-112.07003,33.435893,-112.008254,1,13
PHX,33.449946,-112.071984,33.435893,-112.008254,1,13
PHX,33.409918,-112.03109,33.435893,-112.008254,1,11
PHX,33.451859,-112.07003,33.435893,-112.008254,1,13
PHX,33.540113,-111.869848,33.435893,-112.008254,1,21
PHX,33.45762,-112.303494,33.435893,-112.008254,1,21
PHX,33.624801,-111.933007,33.435893,-112.008254,1,21
PHX,33.542645,-112.259324,33.435893,-112.008254,1,24
PHX,33.625796,-111.932793,33.435893,-112.008254,1,21
PHX,33.534068,-111.964607,33.435893,-112.008254,1,17
PHX,33.446385,-112.07404,33.435893,-112.008254,1,13
PHX,33.566811,-111.918196,33.435893,-112.008254,1,21
PHX,33.454753,-112.06628,33.435893,-112.008254,1,13
PHX,33.493347,-112.351202,33.435893,-112.008254,1,24
PHX,33.62296,-111.93392,33.435893,-112.008254,1,20
PHX,33.393838,-111.69476,33.435893,-112.008254,1,21
PHX,33.634176,-112.377086,33.435893,-112.008254,1,32
PHX,33.530945,-111.97211,33.435893,-112.008254,1,17
PHX,33.376923,-111.96323,33.435893,-112.008254,1,13
PHX,33.492289,-112.07529,33.435893,-112.008254,1,15
PHX,33.350044,-111.974612,33.435893,-112.008254,1,17
PHX,33.70684,-112.11428,33.435893,-112.008254,2,60
PHX,33.805912,-111.92743,33.435893,-112.008254,1,31
PHX,33.333648,-111.970302,33.435893,-112.008254,1,18
PHX,33.683434,-111.966133,33.435893,-112.008254,1,23
PHX,33.609111,-111.926784,33.435893,-112.008254,1,21
PHX,33.64373,-112.3772,33.435893,-112.008254,1,32
PHX,33.639224,-111.89621,33.435893,-112.008254,2,34
PHX,33.333629,-111.970239,33.435893,-112.008254,1,18
PHX,33.822309,-111.90861,33.435893,-112.008254,1,32
PHX,33.333629,-111.970239,33.435893,-112.008254,1,18
PHX,33.710959,-112.10297,33.435893,-112.008254,2,60
PHX,33.607978,-111.92597,33.435893,-112.008254,1,21
PHX,33.639224,-111.89621,33.435893,-112.008254,2,34
PHX,33.639224,-111.89621,33.435893,-112.008254,2,34
PHX,33.566803,-111.92161,33.435893,-112.008254,1,21
PHX,33.333629,-111.970239,33.435893,-112.008254,1,18
PHX,33.333629,-111.970239,33.435893,-112.008254,1,18
PHX,33.639224,-111.89621,33.435893,-112.008254,3,54
PHX,33.639224,-111.89621,33.435893,-112.008254,2,36
PHX,33.580041,-112.1207,33.435893,-112.008254,1,17
PHX,33.624801,-111.933007,33.435893,-112.008254,1,20
PHX,33.495071,-111.92338,33.435893,-112.008254,2,30
PHX,33.447393,-112.073269,33.435893,-112.008254,2,26
PHX,33.518225,-112.004898,33.435893,-112.008254,1,17
PHX,33.540935,-111.926711,33.435893,-112.008254,1,16
PHX,33.522442,-112.02228,33.435893,-112.008254,2,28
PHX,33.595732,-111.98569,33.435893,-112.008254,1,20
PHX,33.511077,-112.024948,33.435893,-112.008254,1,15
PHX,33.452292,-112.070359,33.435893,-112.008254,1,13
PHX,33.625796,-111.932793,33.435893,-112.008254,1,20
PHX,33.545272,-111.89224,33.435893,-112.008254,1,21
PHX,33.639669,-111.925821,33.435893,-112.008254,1,25
PHX,33.266517,-111.99318,33.435893,-112.008254,1,22
PHX,33.452292,-112.070359,33.435893,-112.008254,1,12
PHX,33.639224,-111.89621,33.435893,-112.008254,1,15
PHX,33.495071,-111.92338,33.435893,-112.008254,2,30
PHX,33.639224,-111.89621,33.435893,-112.008254,2,30
PHX,33.639224,-111.89621,33.435893,-112.008254,2,34
PHX,33.513629,-112.04749,33.435893,-112.008254,1,15
PHX,33.639224,-111.89621,33.435893,-112.008254,1,15
PHX,33.62296,-111.93392,33.435893,-112.008254,1,21
PHX,33.572807,-112.11668,33.435893,-112.008254,1,17
PHX,33.452292,-112.070359,33.435893,-112.008254,1,13
PHX,33.594613,-112.063948,33.435893,-112.008254,3,48
PHX,33.51133,-112.113512,33.435893,-112.008254,1,15
PHX,33.594613,-112.063948,33.435893,-112.008254,1,17
PHX,33.583157,-111.889903,33.435893,-112.008254,2,44
PHX,33.594613,-112.063948,33.435893,-112.008254,2,32
PHX,33.50634,-112.032032,33.435893,-112.008254,1,15
PHX,33.51133,-112.113512,33.435893,-112.008254,1,15
PHX,33.512365,-112.11689,33.435893,-112.008254,1,15
PHX,33.629356,-111.938205,33.435893,-112.008254,1,28
PHX,33.451859,-112.07003,33.435893,-112.008254,1,13
PHX,33.495071,-111.92338,33.435893,-112.008254,2,30
PHX,33.449668,-112.07289,33.435893,-112.008254,1,13
PHX,33.451859,-112.07003,33.435893,-112.008254,1,13
PHX,33.625796,-111.932793,33.435893,-112.008254,1,20
PHX,33.495071,-111.92338,33.435893,-112.008254,2,30
PHX,33.49681,-111.92484,33.435893,-112.008254,2,34
PHX,33.451859,-112.07003,33.435893,-112.008254,1,13
PHX,33.451859,-112.07003,33.435893,-112.008254,1,13
PHX,33.540688,-112.26064,33.435893,-112.008254,1,24
PHX,33.451859,-112.07003,33.435893,-112.008254,1,13
PHX,33.707012,-112.113371,33.435893,-112.008254,1,30
PHX,33.583504,-111.790131,33.435893,-112.008254,1,25
PHX,33.374266,-111.971726,33.435893,-112.008254,1,16
PHX,33.374266,-111.971726,33.435893,-112.008254,1,17
PHX,33.374266,-111.971726,33.435893,-112.008254,1,16
PHX,33.374266,-111.971726,33.435893,-112.008254,1,17
PHX,33.540935,-111.926711,33.435893,-112.008254,1,17
PHX,33.374266,-111.971726,33.435893,-112.008254,1,17
PHX,33.374266,-111.971726,33.435893,-112.008254,1,16
PHX,33.375233,-111.971407,33.435893,-112.008254,1,16
PHX,33.580696,-112.11753,33.435893,-112.008254,1,16
PHX,33.375233,-111.971407,33.435893,-112.008254,1,17
PHX,33.375233,-111.971407,33.435893,-112.008254,1,16
PHX,33.377129,-111.962133,33.435893,-112.008254,1,15
PHX,33.545272,-111.89224,33.435893,-112.008254,1,21
PHX,33.53187,-112.2636,33.435893,-112.008254,1,24
PHX,33.389764,-111.84098,33.435893,-112.008254,1,17
PHX,33.304094,-111.842729,33.435893,-112.008254,1,21
PHX,33.376256,-111.97182,33.435893,-112.008254,1,17
PHX,33.451859,-112.07003,33.435893,-112.008254,1,12
PHX,33.449593,-112.07132,33.435893,-112.008254,1,13
PHX,33.374266,-111.971726,33.435893,-112.008254,1,17
PHX,33.451859,-112.07003,33.435893,-112.008254,1,12
PHX,33.375233,-111.971407,33.435893,-112.008254,1,17
PHX,33.374266,-111.971726,33.435893,-112.008254,4,68
PHX,33.374266,-111.971726,33.435893,-112.008254,1,17
PHX,33.374266,-111.971726,33.435893,-112.008254,1,17
PHX,33.374266,-111.971726,33.435893,-112.008254,1,17
PHX,33.374266,-111.971726,33.435893,-112.008254,1,17
PHX,33.374266,-111.971726,33.435893,-112.008254,1,17
PHX,33.374266,-111.971726,33.435893,-112.008254,1,17
PHX,33.375233,-111.971407,33.435893,-112.008254,1,17
PHX,33.6813,-111.9662,33.435893,-112.008254,1,23
PHX,33.6813,-111.9662,33.435893,-112.008254,1,23
PHX,33.541244,-112.261101,33.435893,-112.008254,1,24
PHX,33.451859,-112.07003,33.435893,-112.008254,1,13
PHX,33.6813,-111.9662,33.435893,-112.008254,1,23
PHX,33.451859,-112.07003,33.435893,-112.008254,1,13
PHX,33.451859,-112.07003,33.435893,-112.008254,6,72
PHX,33.6813,-111.9662,33.435893,-112.008254,1,23
PHX,33.6813,-111.9662,33.435893,-112.008254,1,23
PHX,33.350044,-111.974612,33.435893,-112.008254,1,17
PHX,33.493466,-112.35531,33.435893,-112.008254,1,25
PHX,33.374266,-111.971726,33.435893,-112.008254,2,34
PHX,33.683434,-111.966133,33.435893,-112.008254,1,23
PHX,33.495472,-111.923171,33.435893,-112.008254,1,16
PHX,33.53187,-112.2636,33.435893,-112.008254,1,23
PHX,33.625796,-111.932793,33.435893,-112.008254,1,21
PHX,33.683527,-111.965911,33.435893,-112.008254,2,44
PHX,33.625796,-111.932793,33.435893,-112.008254,1,21
PHX,33.454753,-112.06628,33.435893,-112.008254,1,12
PHX,33.454753,-112.06628,33.435893,-112.008254,1,12
PHX,33.454753,-112.06628,33.435893,-112.008254,1,13
PHX,33.454753,-112.06628,33.435893,-112.008254,1,13
PHX,33.625796,-111.932793,33.435893,-112.008254,1,21
PHX,33.625796,-111.932793,33.435893,-112.008254,1,21
PHX,33.683527,-111.965911,33.435893,-112.008254,1,22
PHX,33.625796,-111.932793,33.435893,-112.008254,2,42
PHX,33.386703,-111.917633,33.435893,-112.008254,1,19
PHX,33.641856,-111.92539,33.435893,-112.008254,1,25
PHX,33.634176,-112.377086,33.435893,-112.008254,1,32
PHX,33.634176,-112.377086,33.435893,-112.008254,1,32
PHX,33.493998,-112.355483,33.435893,-112.008254,1,25
PHX,33.465147,-112.16926,33.435893,-112.008254,1,17
PHX,33.624801,-111.933007,33.435893,-112.008254,1,21
PHX,33.414623,-111.816765,33.435893,-112.008254,1,20
PHX,33.5122,-111.8915,33.435893,-112.008254,3,51
PHX,33.6813,-111.9662,33.435893,-112.008254,1,23
PHX,33.580025,-112.11379,33.435893,-112.008254,3,51
PHX,33.500996,-111.9213,33.435893,-112.008254,1,17
PHX,33.541244,-112.261101,33.435893,-112.008254,1,24
PHX,33.638737,-111.922913,33.435893,-112.008254,1,24
PHX,33.579095,-112.120134,33.435893,-112.008254,1,17
PHX,33.730954,-111.85107,33.435893,-112.008254,1,26.4
PHX,33.635119,-112.23282,33.435893,-112.008254,1,25
PHX,33.635119,-112.23282,33.435893,-112.008254,1,25
PHX,33.534068,-111.964607,33.435893,-112.008254,1,17
PHX,33.634479,-112.23402,33.435893,-112.008254,1,25
PHX,33.579059,-111.923227,33.435893,-112.008254,1,20
PHX,33.333629,-111.970239,33.435893,-112.008254,1,18
PHX,33.451859,-112.07003,33.435893,-112.008254,1,13
PHX,33.298725,-111.89324,33.435893,-112.008254,1,21
PHX,33.333629,-111.970239,33.435893,-112.008254,1,18
PHX,33.49748,-111.923454,33.435893,-112.008254,2,34
PHX,33.523618,-112.023156,33.435893,-112.008254,2,30
PHX,33.596778,-112.064907,33.435893,-112.008254,3,48
PHX,33.594613,-112.063948,33.435893,-112.008254,2,34
PHX,33.446385,-112.074043,33.435893,-112.008254,1,13
PHX,33.658278,-112.377314,33.435893,-112.008254,1,32
PHX,33.522442,-112.02228,33.435893,-112.008254,1,15
PHX,33.266604,-111.992501,33.435893,-112.008254,1,21
PHX,33.266517,-111.99318,33.435893,-112.008254,1,21
PHX,33.409279,-111.961434,33.435893,-112.008254,2,30
PHX,33.6813,-111.9662,33.435893,-112.008254,2,46
PHX,33.634466,-111.92555,33.435893,-112.008254,1,25
PHX,33.451859,-112.07003,33.435893,-112.008254,2,26
PHX,33.452136,-112.07374,33.435893,-112.008254,2,26
PHX,33.387685,-111.78817,33.435893,-112.008254,2,42
PHX,33.266517,-111.99318,33.435893,-112.008254,1,22
PHX,33.548098,-111.91671,33.435893,-112.008254,1,21
PHX,33.266517,-111.99318,33.435893,-112.008254,1,22
PHX,33.523875,-111.95842,33.435893,-112.008254,1,16
PHX,33.493466,-112.35531,33.435893,-112.008254,1,25
PHX,33.70684,-112.11428,33.435893,-112.008254,1,30
PHX,33.5248,-112.26359,33.435893,-112.008254,1,24
PHX,33.452478,-112.070665,33.435893,-112.008254,1,13
PHX,33.451859,-112.07003,33.435893,-112.008254,2,26
PHX,33.266604,-111.992501,33.435893,-112.008254,2,44
PHX,33.266604,-111.992501,33.435893,-112.008254,1,21
PHX,33.452237,-112.070541,33.435893,-112.008254,1,12
PHX,33.572168,-112.115979,33.435893,-112.008254,1,16
PHX,33.49681,-111.92484,33.435893,-112.008254,6,102
PHX,33.414985,-111.81722,33.435893,-112.008254,2,42
PHX,33.542375,-111.9259,33.435893,-112.008254,2,34
PHX,33.451859,-112.07003,33.435893,-112.008254,1,13
PHX,33.451859,-112.07003,33.435893,-112.008254,1,13
PHX,33.495071,-111.92338,33.435893,-112.008254,2,30
PHX,33.449593,-112.07132,33.435893,-112.008254,1,13
PHX,33.542375,-111.9259,33.435893,-112.008254,1,17
PHX,33.49681,-111.92484,33.435893,-112.008254,2,30
PHX,33.548098,-111.91671,33.435893,-112.008254,1,21
PHX,33.49681,-111.92484,33.435893,-112.008254,3,51
PHX,33.499129,-111.92441,33.435893,-112.008254,1,17
PHX,33.49681,-111.92484,33.435893,-112.008254,2,34
PHX,33.594613,-112.063948,33.435893,-112.008254,2,32
PHX,33.644802,-111.9146,33.435893,-112.008254,1,25
PHX,33.580025,-112.11379,33.435893,-112.008254,1,17
PHX,33.658278,-112.377314,33.435893,-112.008254,2,64
PHX,33.493806,-112.355097,33.435893,-112.008254,1,25
PHX,33.594613,-112.063948,33.435893,-112.008254,1,16
PHX,33.699678,-112.101484,33.435893,-112.008254,1,25
PHX,33.62296,-111.93392,33.435893,-112.008254,2,42
PHX,33.40208,-111.97143,33.435893,-112.008254,1,13
PHX,33.585099,-112.06346,33.435893,-112.008254,1,17
PHX,33.596778,-112.064907,33.435893,-112.008254,1,16
PHX,33.545272,-111.89224,33.435893,-112.008254,1,21
PHX,33.512365,-112.11689,33.435893,-112.008254,1,15
PHX,33.585099,-112.06346,33.435893,-112.008254,2,34
PHX,33.505765,-112.03213,33.435893,-112.008254,1,15
PHX,33.595732,-111.98569,33.435893,-112.008254,1,20
PHX,33.266604,-111.992501,33.435893,-112.008254,1,21
PHX,33.375233,-111.971407,33.435893,-112.008254,1,16
PHX,33.452478,-112.070665,33.435893,-112.008254,1,13
PHX,33.452478,-112.070665,33.435893,-112.008254,1,13
PHX,33.508096,-112.035894,33.435893,-112.008254,1,14
PHX,33.516701,-112.03003,33.435893,-112.008254,1,15
PHX,33.516701,-112.03003,33.435893,-112.008254,1,15
PHX,33.516701,-112.03003,33.435893,-112.008254,1,15
PHX,33.460369,-112.074312,33.435893,-112.008254,2,23
PHX,33.465147,-112.16926,33.435893,-112.008254,1,17
PHX,33.450308,-112.07358,33.435893,-112.008254,1,13
PHX,33.547299,-111.914645,33.435893,-112.008254,1,17.6
PHX,33.585099,-112.06346,33.435893,-112.008254,2,34
PHX,33.266517,-111.99318,33.435893,-112.008254,1,22
PHX,33.585099,-112.06346,33.435893,-112.008254,2,34
PHX,33.266604,-111.992501,33.435893,-112.008254,1,21
PHX,33.585099,-112.06346,33.435893,-112.008254,2,34
PHX,33.266517,-111.99318,33.435893,-112.008254,1,22
PHX,33.699692,-112.110558,33.435893,-112.008254,1,25
PHX,33.493998,-112.355483,33.435893,-112.008254,2,50
PHX,33.699692,-112.110557,33.435893,-112.008254,1,24
PHX,33.493466,-112.35531,33.435893,-112.008254,1,25
PHX,33.548922,-111.91534,33.435893,-112.008254,1,21
PHX,33.376256,-111.97182,33.435893,-112.008254,1,17
PHX,33.266517,-111.993184,33.435893,-112.008254,2,42
PHX,33.644802,-111.9146,33.435893,-112.008254,1,25
PHX,33.683527,-111.965911,33.435893,-112.008254,1,23
PHX,33.266517,-111.993184,33.435893,-112.008254,1,21
PHX,33.266604,-111.992501,33.435893,-112.008254,1,21
PHX,33.516701,-112.03003,33.435893,-112.008254,1,15
PHX,33.266604,-111.992501,33.435893,-112.008254,2,44
PHX,33.681491,-111.968056,33.435893,-112.008254,1,23
PHX,33.699692,-112.110557,33.435893,-112.008254,1,24
PHX,33.710311,-112.103235,33.435893,-112.008254,1,30
PHX,33.376256,-111.97182,33.435893,-112.008254,1,16
PHX,33.266517,-111.99318,33.435893,-112.008254,1,22
PHX,33.266517,-111.99318,33.435893,-112.008254,1,21
PHX,33.545272,-111.89224,33.435893,-112.008254,2,42
PHX,33.554498,-112.04822,33.435893,-112.008254,2,34
PHX,33.374266,-111.971726,33.435893,-112.008254,1,17
PHX,33.374266,-111.971726,33.435893,-112.008254,1,17
PHX,33.376946,-111.962079,33.435893,-112.008254,1,14
PHX,33.378146,-111.842968,33.435893,-112.008254,1,17
PHX,33.579167,-112.120113,33.435893,-112.008254,1,17
PHX,33.374266,-111.971726,33.435893,-112.008254,1,16
PHX,33.707012,-112.113371,33.435893,-112.008254,1,30
PHX,33.375233,-111.971407,33.435893,-112.008254,1,17
PHX,33.374266,-111.971726,33.435893,-112.008254,1,17
PHX,33.683434,-111.966133,33.435893,-112.008254,1,23
PHX,33.524305,-112.022672,33.435893,-112.008254,1,15
PHX,33.377129,-111.962133,33.435893,-112.008254,1,15
PHX,33.374266,-111.971726,33.435893,-112.008254,1,17
PHX,33.374266,-111.971726,33.435893,-112.008254,1,17
PHX,33.374266,-111.971726,33.435893,-112.008254,1,16
PHX,33.625796,-111.932793,33.435893,-112.008254,1,21
PHX,33.375233,-111.971407,33.435893,-112.008254,1,17
PHX,33.374266,-111.971726,33.435893,-112.008254,1,17
PHX,33.625796,-111.932793,33.435893,-112.008254,1,21
PHX,33.376946,-111.962079,33.435893,-112.008254,1,15
PHX,33.450308,-112.07358,33.435893,-112.008254,1,13
PHX,33.450238,-112.073694,33.435893,-112.008254,1,12
PHX,33.376256,-111.97182,33.435893,-112.008254,1,17
PHX,33.376256,-111.97182,33.435893,-112.008254,1,17
PHX,33.389764,-111.84098,33.435893,-112.008254,1,17
PHX,33.6813,-111.9662,33.435893,-112.008254,2,44
PHX,33.5122,-111.8915,33.435893,-112.008254,1,17
PHX,33.376256,-111.97182,33.435893,-112.008254,1,17
PHX,33.376256,-111.97182,33.435893,-112.008254,1,17
PHX,33.6813,-111.9662,33.435893,-112.008254,1,23
PHX,33.451859,-112.07003,33.435893,-112.008254,2,26
PHX,33.6813,-111.9662,33.435893,-112.008254,2,46
PHX,33.451859,-112.07003,33.435893,-112.008254,1,13
PHX,33.638,-112.2333,33.435893,-112.008254,2,50
PHX,33.567682,-112.11509,33.435893,-112.008254,1,17
PHX,33.644802,-111.9146,33.435893,-112.008254,1,25
PHX,33.634548,-111.92556,33.435893,-112.008254,2,42
PHX,33.822031,-111.90897,33.435893,-112.008254,1,32
PHX,33.452292,-112.070359,33.435893,-112.008254,1,13
PHX,33.379345,-111.961753,33.435893,-112.008254,1,12
PHX,33.374266,-111.971726,33.435893,-112.008254,1,17
PHX,33.707012,-112.113371,33.435893,-112.008254,1,30
PHX,33.625796,-111.932793,33.435893,-112.008254,1,21
PHX,33.374266,-111.971726,33.435893,-112.008254,1,17
PHX,33.625796,-111.932793,33.435893,-112.008254,1,21
PHX,33.374266,-111.971726,33.435893,-112.008254,1,17
PHX,33.374266,-111.971726,33.435893,-112.008254,1,17
PHX,33.62296,-111.93392,33.435893,-112.008254,1,21
PHX,33.449589,-112.073212,33.435893,-112.008254,1,13
PHX,33.451859,-112.07003,33.435893,-112.008254,1,13
PHX,33.450308,-112.07358,33.435893,-112.008254,1,10.4
PHX,33.492289,-112.07529,33.435893,-112.008254,1,15
PHX,33.531178,-111.96499,33.435893,-112.008254,2,34
PHX,33.53187,-112.2636,33.435893,-112.008254,2,48
PHX,33.62296,-111.93392,33.435893,-112.008254,2,42
PHX,33.625796,-111.932793,33.435893,-112.008254,1,20
PHX,33.540113,-111.869848,33.435893,-112.008254,1,20
PHX,33.530694,-111.924209,33.435893,-112.008254,1,17
PHX,33.452292,-112.070359,33.435893,-112.008254,4,48
PHX,33.579423,-112.11946,33.435893,-112.008254,1,13.6
PHX,33.625796,-111.932793,33.435893,-112.008254,1,21
PHX,33.452292,-112.070359,33.435893,-112.008254,2,26
PHX,33.624801,-111.933007,33.435893,-112.008254,2,42
PHX,33.624801,-111.933007,33.435893,-112.008254,1,21
PHX,33.683434,-111.966133,33.435893,-112.008254,3,69
PHX,33.584603,-111.887575,33.435893,-112.008254,1,21
PHX,33.557598,-112.114209,33.435893,-112.008254,1,17
PHX,33.683434,-111.966133,33.435893,-112.008254,2,46
PHX,33.637246,-111.927299,33.435893,-112.008254,2,50
PHX,33.350044,-111.974612,33.435893,-112.008254,1,17
PHX,33.625796,-111.932793,33.435893,-112.008254,1,21
PHX,33.625796,-111.932793,33.435893,-112.008254,2,42
PHX,33.624801,-111.933007,33.435893,-112.008254,1,21
PHX,33.50991,-112.270499,33.435893,-112.008254,1,24
PHX,33.625796,-111.932793,33.435893,-112.008254,2,42
PHX,33.452237,-112.070541,33.435893,-112.008254,3,39
PHX,33.446385,-112.07404,33.435893,-112.008254,1,13
PHX,33.376256,-111.97182,33.435893,-112.008254,4,54.4
PHX,33.378406,-111.96357,33.435893,-112.008254,1,15
PHX,33.70684,-112.11428,33.435893,-112.008254,2,60
PHX,33.333629,-111.970239,33.435893,-112.008254,1,18
PHX,33.333648,-111.970302,33.435893,-112.008254,1,18
PHX,33.639224,-111.89621,33.435893,-112.008254,2,34
PHX,33.639224,-111.89621,33.435893,-112.008254,1,25
PHX,33.333648,-111.970302,33.435893,-112.008254,1,18
PHX,33.632424,-112.235851,33.435893,-112.008254,2,50
PHX,33.333629,-111.970239,33.435893,-112.008254,1,18
PHX,33.333629,-111.970239,33.435893,-112.008254,1,18
PHX,33.530521,-111.972475,33.435893,-112.008254,2,34
PHX,33.522239,-111.95949,33.435893,-112.008254,1,17
PHX,33.583157,-111.889903,33.435893,-112.008254,2,44
PHX,33.625796,-111.932793,33.435893,-112.008254,1,21
PHX,33.624801,-111.933007,33.435893,-112.008254,1,20
PHX,33.545272,-111.89224,33.435893,-112.008254,1,21
PHX,33.511077,-112.024948,33.435893,-112.008254,1,14
PHX,33.625796,-111.932793,33.435893,-112.008254,1,21
PHX,33.512365,-112.11689,33.435893,-112.008254,1,15
PHX,33.639224,-111.89621,33.435893,-112.008254,1,17
PHX,33.639224,-111.89621,33.435893,-112.008254,2,30
PHX,33.62296,-111.93392,33.435893,-112.008254,1,21
PHX,33.451859,-112.07003,33.435893,-112.008254,1,13
PHX,33.594613,-112.063949,33.435893,-112.008254,1,17
PHX,33.56684,-111.918681,33.435893,-112.008254,2,42
PHX,33.538622,-111.875,33.435893,-112.008254,1,21
PHX,33.641,-111.9266,33.435893,-112.008254,1,24
PHX,33.45269,-112.34534,33.435893,-112.008254,1,25
PHX,33.45269,-112.34534,33.435893,-112.008254,1,25
PHX,33.510481,-111.92588,33.435893,-112.008254,1,17
PHX,33.376256,-111.97182,33.435893,-112.008254,1,17
PHX,33.493998,-112.355483,33.435893,-112.008254,1,24
PHX,33.447335,-112.073424,33.435893,-112.008254,1,13
PHX,33.566811,-111.918196,33.435893,-112.008254,1,21
PHX,33.266604,-111.992501,33.435893,-112.008254,1,22
PHX,33.266604,-111.992501,33.435893,-112.008254,1,21
PHX,33.266604,-111.992501,33.435893,-112.008254,1,22
PHX,33.449588,-112.073212,33.435893,-112.008254,1,13
PHX,33.266604,-111.992501,33.435893,-112.008254,2,42
PHX,33.681491,-111.968056,33.435893,-112.008254,2,46
PHX,33.681491,-111.968056,33.435893,-112.008254,1,23
PHX,33.281688,-111.97355,33.435893,-112.008254,1,22
PHX,33.548098,-111.91671,33.435893,-112.008254,1,21
PHX,33.292133,-111.7545,33.435893,-112.008254,1,25
PHX,33.385159,-112.01268,33.435893,-112.008254,1,15
PHX,33.452136,-112.07374,33.435893,-112.008254,1,13
PHX,33.452478,-112.070665,33.435893,-112.008254,1,13
PHX,33.266517,-111.99318,33.435893,-112.008254,1,22
PHX,33.582796,-112.11492,33.435893,-112.008254,1,21
PHX,33.639224,-111.89621,33.435893,-112.008254,2,50
PHX,33.639224,-111.89621,33.435893,-112.008254,1,25
PHX,33.585099,-112.06346,33.435893,-112.008254,1,17
PHX,33.530521,-111.972475,33.435893,-112.008254,1,16
PHX,33.566811,-111.918196,33.435893,-112.008254,1,21
PHX,33.51133,-112.113512,33.435893,-112.008254,1,15
PHX,33.513835,-111.890592,33.435893,-112.008254,1,17
PHX,33.516701,-112.03003,33.435893,-112.008254,1,15
PHX,33.512365,-112.11689,33.435893,-112.008254,1,15
PHX,33.451859,-112.07003,33.435893,-112.008254,1,12
PHX,33.495071,-111.92338,33.435893,-112.008254,2,30
PHX,33.62296,-111.93392,33.435893,-112.008254,1,21
PHX,33.5122,-111.8915,33.435893,-112.008254,1,17
PHX,33.451859,-112.07003,33.435893,-112.008254,3,39
PHX,33.596778,-112.064907,33.435893,-112.008254,1,16
PHX,33.266517,-111.99318,33.435893,-112.008254,1,22
PHX,33.451859,-112.07003,33.435893,-112.008254,1,13
PHX,33.634466,-111.92555,33.435893,-112.008254,1,25
PHX,33.49681,-111.92484,33.435893,-112.008254,2,30
PHX,33.451859,-112.07003,33.435893,-112.008254,1,13
PHX,33.452292,-112.070359,33.435893,-112.008254,1,13
PHX,33.307241,-111.68579,33.435893,-112.008254,1,24
PHX,33.594613,-112.063949,33.435893,-112.008254,1,16
PHX,33.596778,-112.064907,33.435893,-112.008254,1,17
PHX,33.585099,-112.06346,33.435893,-112.008254,2,34
PHX,33.6813,-111.9662,33.435893,-112.008254,1,23
PHX,33.585099,-112.06346,33.435893,-112.008254,1,17
PHX,33.522442,-112.02228,33.435893,-112.008254,1,14
PHX,33.632424,-112.235851,33.435893,-112.008254,1,25
PHX,33.512365,-112.11689,33.435893,-112.008254,1,15
PHX,33.350044,-111.974612,33.435893,-112.008254,1,17
PHX,33.40208,-111.97143,33.435893,-112.008254,1,13
PHX,33.512366,-112.114199,33.435893,-112.008254,1,15
PHX,33.595732,-111.98569,33.435893,-112.008254,1,21
PHX,33.585099,-112.06346,33.435893,-112.008254,1,16
PHX,33.585099,-112.06346,33.435893,-112.008254,1,16
PHX,33.430962,-111.93727,33.435893,-112.008254,1,15
PHX,33.585099,-112.06346,33.435893,-112.008254,1,17
PHX,33.594613,-112.063948,33.435893,-112.008254,1,17
PHX,33.297842,-111.891768,33.435893,-112.008254,1,21
PHX,33.522442,-112.02228,33.435893,-112.008254,1,15
PHX,33.51133,-112.113512,33.435893,-112.008254,1,15
PHX,33.486341,-111.926062,33.435893,-112.008254,1,12
PHX,33.493499,-111.933452,33.435893,-112.008254,1,17
PHX,33.64516,-111.917529,33.435893,-112.008254,1,25
PHX,33.350044,-111.974612,33.435893,-112.008254,1,17
PHX,33.452237,-112.070541,33.435893,-112.008254,1,12
PHX,33.493466,-112.35531,33.435893,-112.008254,2,50
PHX,33.573896,-112.115815,33.435893,-112.008254,1,16
PHX,33.645659,-111.89571,33.435893,-112.008254,1,25
PHX,33.540977,-112.26185,33.435893,-112.008254,1,24
PHX,33.595732,-111.98569,33.435893,-112.008254,1,21
PHX,33.595732,-111.98569,33.435893,-112.008254,1,21
PHX,33.266517,-111.99318,33.435893,-112.008254,2,44
PHX,33.595732,-111.98569,33.435893,-112.008254,1,21
PHX,33.516701,-112.03003,33.435893,-112.008254,2,30
PHX,33.499129,-111.92441,33.435893,-112.008254,1,17
PHX,33.516701,-112.03003,33.435893,-112.008254,1,15
PHX,33.548098,-111.91671,33.435893,-112.008254,2,42
PHX,33.545272,-111.89224,33.435893,-112.008254,1,21
PHX,33.305457,-111.90359,33.435893,-112.008254,1,21
PHX,33.549142,-112.04789,33.435893,-112.008254,2,30
PHX,33.41463,-111.92367,33.435893,-112.008254,1,15
PHX,33.585099,-112.06346,33.435893,-112.008254,1,17
PHX,33.585099,-112.06346,33.435893,-112.008254,1,17
PHX,33.585099,-112.06346,33.435893,-112.008254,2,34
PHX,33.266517,-111.99318,33.435893,-112.008254,1,22
PHX,33.594613,-112.063949,33.435893,-112.008254,1,16
PHX,33.585099,-112.06346,33.435893,-112.008254,1,17
PHX,33.585099,-112.06346,33.435893,-112.008254,1,17
PHX,33.266604,-111.992501,33.435893,-112.008254,1,21
PHX,33.26685,-111.99097,33.435893,-112.008254,2,44
PHX,33.595732,-111.98569,33.435893,-112.008254,1,21
PHX,33.266517,-111.99318,33.435893,-112.008254,1,21
PHX,33.64516,-111.917529,33.435893,-112.008254,1,25
PHX,33.266604,-111.992501,33.435893,-112.008254,1,22
PHX,33.266604,-111.992501,33.435893,-112.008254,1,21
PHX,33.266517,-111.99318,33.435893,-112.008254,1,22
PHX,33.43133,-111.84597,33.435893,-112.008254,1,17
PHX,33.594613,-112.063948,33.435893,-112.008254,1,16
PHX,33.661613,-111.958925,33.435893,-112.008254,1,23
PHX,33.710959,-112.10297,33.435893,-112.008254,1,30
PHX,33.512366,-112.114199,33.435893,-112.008254,1,14
PHX,33.266604,-111.992501,33.435893,-112.008254,1,22
PHX,33.524305,-112.022672,33.435893,-112.008254,1,15
PHX,33.641,-111.9266,33.435893,-112.008254,1,25
PHX,33.512365,-112.11689,33.435893,-112.008254,1,15
PHX,33.281687,-111.973551,33.435893,-112.008254,1,22
PHX,33.567682,-112.11509,33.435893,-112.008254,1,17
PHX,33.515543,-111.92583,33.435893,-112.008254,1,16
PHX,33.512365,-112.11689,33.435893,-112.008254,2,30
PHX,33.512365,-112.11689,33.435893,-112.008254,1,15
PHX,33.465147,-112.16926,33.435893,-112.008254,1,17
PHX,33.545272,-111.89224,33.435893,-112.008254,1,21
PHX,33.585099,-112.06346,33.435893,-112.008254,1,17
PHX,33.362439,-111.445693,33.435893,-112.008254,1,45
PHX,33.516701,-112.03003,33.435893,-112.008254,1,15
PHX,33.548098,-111.91671,33.435893,-112.008254,1,21
PHX,33.266517,-111.99318,33.435893,-112.008254,1,21
PHX,33.62296,-111.93392,33.435893,-112.008254,1,21
PHX,33.480217,-112.03168,33.435893,-112.008254,1,15
PHX,33.6438,-111.9129,33.435893,-112.008254,1,25
PHX,33.624801,-111.933007,33.435893,-112.008254,1,21
PHX,33.266604,-111.992501,33.435893,-112.008254,2,42
PHX,33.266604,-111.992501,33.435893,-112.008254,2,44
PHX,33.449588,-112.073212,33.435893,-112.008254,4,52
PHX,33.452292,-112.070359,33.435893,-112.008254,1,12
PHX,33.512366,-112.114199,33.435893,-112.008254,1,15
PHX,33.452292,-112.070359,33.435893,-112.008254,1,13
PHX,33.512365,-112.11689,33.435893,-112.008254,1,12
PHX,33.452292,-112.070359,33.435893,-112.008254,1,13
PHX,33.266517,-111.99318,33.435893,-112.008254,1,22
PHX,33.623836,-112.18556,33.435893,-112.008254,2,36
PHX,33.41463,-111.92367,33.435893,-112.008254,1,15
PHX,33.515713,-111.925405,33.435893,-112.008254,1,17
PHX,33.625064,-111.933618,33.435893,-112.008254,1,21
PHX,33.523618,-112.023156,33.435893,-112.008254,1,14
PHX,33.505765,-112.03213,33.435893,-112.008254,1,15
PHX,33.545272,-111.89224,33.435893,-112.008254,2,42
PHX,33.493355,-112.353632,33.435893,-112.008254,1,25
PHX,33.493466,-112.35531,33.435893,-112.008254,1,25
PHX,33.457495,-112.304546,33.435893,-112.008254,1,21
PHX,33.573896,-112.115815,33.435893,-112.008254,1,16
PHX,33.516701,-112.03003,33.435893,-112.008254,1,15
PHX,33.516701,-112.03003,33.435893,-112.008254,1,15
PHX,33.62296,-111.93392,33.435893,-112.008254,2,42
PHX,33.523618,-112.023156,33.435893,-112.008254,1,15
PHX,33.545272,-111.89224,33.435893,-112.008254,1,21
PHX,33.595732,-111.98569,33.435893,-112.008254,1,21
PHX,33.614162,-111.893,33.435893,-112.008254,1,19
PHX,33.516701,-112.03003,33.435893,-112.008254,1,15
PHX,33.493998,-112.355483,33.435893,-112.008254,1,25
PHX,33.51066,-112.0251,33.435893,-112.008254,1,15
PHX,33.502289,-111.93376,33.435893,-112.008254,2,34
PHX,33.516701,-112.03003,33.435893,-112.008254,1,15
PHX,33.385159,-112.01268,33.435893,-112.008254,1,15
PHX,33.585099,-112.06346,33.435893,-112.008254,1,17
PHX,33.585099,-112.06346,33.435893,-112.008254,1,17
PHX,33.585099,-112.06346,33.435893,-112.008254,1,17
PHX,33.566811,-111.918196,33.435893,-112.008254,1,21
PHX,33.585099,-112.06346,33.435893,-112.008254,2,34
PHX,33.585099,-112.06346,33.435893,-112.008254,1,17
PHX,33.548098,-111.91671,33.435893,-112.008254,1,21
PHX,33.376256,-111.97182,33.435893,-112.008254,1,17
PHX,33.37782,-111.96313,33.435893,-112.008254,1,15
PHX,33.641,-111.9266,33.435893,-112.008254,1,25
PHX,33.582657,-111.93257,33.435893,-112.008254,2,42
PHX,33.49681,-111.92484,33.435893,-112.008254,1,17
PHX,33.516701,-112.03003,33.435893,-112.008254,1,15
PHX,33.515543,-111.92583,33.435893,-112.008254,3,51
PHX,33.6355,-112.23587,33.435893,-112.008254,1,25
PHX,33.574348,-112.11662,33.435893,-112.008254,2,34
PHX,33.266604,-111.992501,33.435893,-112.008254,1,22
PHX,33.266517,-111.99318,33.435893,-112.008254,1,21
PHX,33.26685,-111.99097,33.435893,-112.008254,2,44
PHX,33.449589,-112.073212,33.435893,-112.008254,1,13
PHX,33.266517,-111.99318,33.435893,-112.008254,1,22
PHX,33.266517,-111.99318,33.435893,-112.008254,1,21
PHX,33.545272,-111.89224,33.435893,-112.008254,1,21
PHX,33.531353,-112.267654,33.435893,-112.008254,1,23
PHX,33.454738,-111.72841,33.435893,-112.008254,1,29
PHX,33.281535,-111.973213,33.435893,-112.008254,1,22
PHX,33.585099,-112.06346,33.435893,-112.008254,1,17
PHX,33.493998,-112.355483,33.435893,-112.008254,2,48
PHX,33.451859,-112.07003,33.435893,-112.008254,1,13
PHX,33.449593,-112.07132,33.435893,-112.008254,1,12
PHX,33.6813,-111.9662,33.435893,-112.008254,1,23
PHX,33.451859,-112.07003,33.435893,-112.008254,2,26
PHX,33.636173,-112.235763,33.435893,-112.008254,2,50
PHX,33.510086,-111.924936,33.435893,-112.008254,1,16
PHX,33.658278,-112.377314,33.435893,-112.008254,1,31
PHX,33.639268,-112.227722,33.435893,-112.008254,1,25
PHX,33.538605,-111.86971,33.435893,-112.008254,1,21
PHX,33.449946,-112.071984,33.435893,-112.008254,1,13
PHX,33.63734,-112.216819,33.435893,-112.008254,1,25
PHX,33.449593,-112.07132,33.435893,-112.008254,1,13
PHX,33.540113,-111.869848,33.435893,-112.008254,1,21
PHX,33.449946,-112.071984,33.435893,-112.008254,1,13
PHX,33.51066,-112.0251,33.435893,-112.008254,1,15
PHX,33.449946,-112.071984,33.435893,-112.008254,1,13
PHX,33.625796,-111.932793,33.435893,-112.008254,4,84
PHX,33.451859,-112.07003,33.435893,-112.008254,1,13
PHX,33.585963,-112.11624,33.435893,-112.008254,2,42
PHX,33.625796,-111.932793,33.435893,-112.008254,1,21
PHX,33.451859,-112.07003,33.435893,-112.008254,1,13
PHX,33.449593,-112.07132,33.435893,-112.008254,2,26
PHX,33.449593,-112.07132,33.435893,-112.008254,1,13
PHX,33.683434,-111.966133,33.435893,-112.008254,2,44
PHX,33.374266,-111.971726,33.435893,-112.008254,1,17
PHX,33.548098,-111.91671,33.435893,-112.008254,1,20
PHX,33.449593,-112.07132,33.435893,-112.008254,1,13
PHX,33.484484,-111.924974,33.435893,-112.008254,1,17
PHX,33.451859,-112.07003,33.435893,-112.008254,1,13
PHX,33.451859,-112.07003,33.435893,-112.008254,1,13
PHX,33.54781,-112.046757,33.435893,-112.008254,1,17
PHX,33.633212,-112.377094,33.435893,-112.008254,1,32
PHX,33.304322,-111.97055,33.435893,-112.008254,1,20
PHX,33.304784,-111.903677,33.435893,-112.008254,1,20
PHX,33.452237,-112.070541,33.435893,-112.008254,1,12
PHX,33.452237,-112.070541,33.435893,-112.008254,2,26
PHX,33.30819,-111.685016,33.435893,-112.008254,1,24
PHX,33.524305,-112.022672,33.435893,-112.008254,1,15
PHX,33.625796,-111.932793,33.435893,-112.008254,2,40
PHX,33.548745,-111.91569,33.435893,-112.008254,1,20
PHX,33.449593,-112.07132,33.435893,-112.008254,1,13
PHX,33.451859,-112.07003,33.435893,-112.008254,1,12
PHX,33.376923,-111.96323,33.435893,-112.008254,1,13
PHX,33.451824,-112.062792,33.435893,-112.008254,1,12
PHX,33.449946,-112.071984,33.435893,-112.008254,2,26
PHX,33.554498,-112.04822,33.435893,-112.008254,1,17
PHX,33.478302,-112.11259,33.435893,-112.008254,1,15
PHX,33.538605,-111.86971,33.435893,-112.008254,1,21
PHX,33.383883,-111.92663,33.435893,-112.008254,1,15
PHX,33.511077,-112.024948,33.435893,-112.008254,1,15
PHX,33.449946,-112.071984,33.435893,-112.008254,1,13
PHX,33.634466,-111.92555,33.435893,-112.008254,1,25
PHX,33.449593,-112.07132,33.435893,-112.008254,2,26
PHX,33.446385,-112.074043,33.435893,-112.008254,1,13
PHX,33.524305,-112.022672,33.435893,-112.008254,1,14
PHX,33.548745,-111.91569,33.435893,-112.008254,1,20
PHX,33.594613,-112.063949,33.435893,-112.008254,1,17
PHX,33.594613,-112.063948,33.435893,-112.008254,1,16
PHX,33.449946,-112.071984,33.435893,-112.008254,2,26
PHX,33.50634,-112.032032,33.435893,-112.008254,1,15
PHX,33.452292,-112.070359,33.435893,-112.008254,1,12
PHX,33.449946,-112.071984,33.435893,-112.008254,2,26
PHX,33.449946,-112.071984,33.435893,-112.008254,2,26
PHX,33.516701,-112.03003,33.435893,-112.008254,1,14
PHX,33.548745,-111.91569,33.435893,-112.008254,1,21
PHX,33.449946,-112.071984,33.435893,-112.008254,2,26
PHX,33.566811,-111.918196,33.435893,-112.008254,1,21
PHX,33.549142,-112.04789,33.435893,-112.008254,1,17
PHX,33.451859,-112.07003,33.435893,-112.008254,1,13
PHX,33.376256,-111.97182,33.435893,-112.008254,4,54.4
PHX,33.43133,-111.84597,33.435893,-112.008254,1,17
PHX,33.449593,-112.07132,33.435893,-112.008254,1,13
PHX,33.644802,-111.9146,33.435893,-112.008254,1,25
PHX,33.449946,-112.071984,33.435893,-112.008254,1,13
PHX,33.390315,-111.85129,33.435893,-112.008254,1,17
PHX,33.564377,-111.923527,33.435893,-112.008254,1,20
PHX,33.710959,-112.10297,33.435893,-112.008254,1,30
PHX,33.512365,-112.11689,33.435893,-112.008254,1,15
PHX,33.512365,-112.11689,33.435893,-112.008254,1,15
PHX,33.376256,-111.97182,33.435893,-112.008254,1,17
PHX,33.683434,-111.966133,33.435893,-112.008254,1,23
PHX,33.297851,-111.90205,33.435893,-112.008254,1,21
PHX,33.449757,-112.071883,33.435893,-112.008254,1,13
PHX,33.522442,-112.02228,33.435893,-112.008254,1,14
PHX,33.522442,-112.02228,33.435893,-112.008254,1,14
PHX,33.583579,-111.890056,33.435893,-112.008254,1,22
PHX,33.374266,-111.971726,33.435893,-112.008254,1,16
PHX,33.449946,-112.071984,33.435893,-112.008254,1,12
PHX,33.522442,-112.02228,33.435893,-112.008254,1,15
PHX,33.304667,-111.903688,33.435893,-112.008254,1,21
PHX,33.449946,-112.071984,33.435893,-112.008254,2,24
PHX,33.376212,-111.96213,33.435893,-112.008254,1,15
PHX,33.683434,-111.966133,33.435893,-112.008254,1,23
PHX,33.512365,-112.11689,33.435893,-112.008254,1,15
PHX,33.512365,-112.11689,33.435893,-112.008254,1,15
PHX,33.291406,-111.752802,33.435893,-112.008254,1,29
PHX,33.6813,-111.9662,33.435893,-112.008254,1,23
PHX,33.376256,-111.97182,33.435893,-112.008254,1,17
PHX,33.637686,-111.896871,33.435893,-112.008254,1,25
PHX,33.376256,-111.97182,33.435893,-112.008254,2,34
PHX,33.376256,-111.97182,33.435893,-112.008254,1,17
PHX,33.49681,-111.92484,33.435893,-112.008254,5,75
PHX,33.49681,-111.92484,33.435893,-112.008254,2,30
PHX,33.700475,-112.10964,33.435893,-112.008254,2,50
PHX,33.376256,-111.97182,33.435893,-112.008254,1,17
PHX,33.634466,-111.92555,33.435893,-112.008254,1,25
PHX,33.376256,-111.97182,33.435893,-112.008254,1,17
PHX,33.378406,-111.96357,33.435893,-112.008254,3,45
PHX,33.449593,-112.07132,33.435893,-112.008254,1,12
PHX,33.374266,-111.971726,33.435893,-112.008254,1,17
PHX,33.374266,-111.971726,33.435893,-112.008254,1,17
PHX,33.639224,-111.89621,33.435893,-112.008254,1,25
PHX,33.30662,-111.968463,33.435893,-112.008254,1,21
PHX,33.449946,-112.071984,33.435893,-112.008254,1,12
PHX,33.451405,-112.0641,33.435893,-112.008254,1,11
PHX,33.447393,-112.073268,33.435893,-112.008254,1,13
PHX,33.64516,-111.917529,33.435893,-112.008254,1,25
PHX,33.447393,-112.073268,33.435893,-112.008254,1,12
PHX,33.637686,-111.896871,33.435893,-112.008254,1,25
PHX,33.512365,-112.11689,33.435893,-112.008254,1,15
PHX,33.51133,-112.113512,33.435893,-112.008254,1,14
PHX,33.375233,-111.971407,33.435893,-112.008254,1,17
PHX,33.449593,-112.07132,33.435893,-112.008254,1,13
PHX,33.374266,-111.971726,33.435893,-112.008254,1,17
PHX,33.502289,-111.93376,33.435893,-112.008254,1,17
PHX,33.639224,-111.89621,33.435893,-112.008254,2,30
PHX,33.466088,-112.267022,33.435893,-112.008254,1,22
PHX,33.639224,-111.89621,33.435893,-112.008254,2,50
PHX,33.6813,-111.9662,33.435893,-112.008254,2,35.2
PHX,33.62296,-111.93392,33.435893,-112.008254,2,35.2
PHX,33.699692,-112.110557,33.435893,-112.008254,1,24
PHX,33.376256,-111.97182,33.435893,-112.008254,1,16
PHX,33.375233,-111.971407,33.435893,-112.008254,1,16
PHX,33.57593,-112.118498,33.435893,-112.008254,1,17
PHX,33.266517,-111.99318,33.435893,-112.008254,2,42
PHX,33.266604,-111.992501,33.435893,-112.008254,1,22
PHX,33.624801,-111.933007,33.435893,-112.008254,1,21
PHX,33.266604,-111.992501,33.435893,-112.008254,1,22
PHX,33.291565,-111.75211,33.435893,-112.008254,1,25
PHX,33.375233,-111.971407,33.435893,-112.008254,1,16
PHX,33.707012,-112.113371,33.435893,-112.008254,1,30
PHX,33.374266,-111.971726,33.435893,-112.008254,3,51
PHX,33.376212,-111.96213,33.435893,-112.008254,1,15
PHX,33.374266,-111.971726,33.435893,-112.008254,2,32
PHX,33.51133,-112.113512,33.435893,-112.008254,2,28
PHX,33.625796,-111.932793,33.435893,-112.008254,1,21
PHX,33.374266,-111.971726,33.435893,-112.008254,1,17
PHX,33.374266,-111.971726,33.435893,-112.008254,2,34
PHX,33.375233,-111.971407,33.435893,-112.008254,1,17
PHX,33.374266,-111.971726,33.435893,-112.008254,1,16
PHX,33.26685,-111.99097,33.435893,-112.008254,1,22
PHX,33.614161,-111.893,33.435893,-112.008254,1,20
PHX,33.625796,-111.932793,33.435893,-112.008254,1,21
PHX,33.374266,-111.971726,33.435893,-112.008254,2,34
PHX,33.624801,-111.933007,33.435893,-112.008254,1,21
PHX,33.624801,-111.933007,33.435893,-112.008254,1,21
PHX,33.374266,-111.971726,33.435893,-112.008254,1,17
PHX,33.683434,-111.966133,33.435893,-112.008254,1,23
PHX,33.374266,-111.971726,33.435893,-112.008254,1,17
PHX,33.374266,-111.971726,33.435893,-112.008254,3,51
PHX,33.510481,-111.92588,33.435893,-112.008254,2,34
PHX,33.374266,-111.971726,33.435893,-112.008254,1,17
PHX,33.449593,-112.07132,33.435893,-112.008254,1,13
PHX,33.452292,-112.070359,33.435893,-112.008254,1,13
PHX,33.451859,-112.07003,33.435893,-112.008254,1,13
PHX,33.50991,-112.270499,33.435893,-112.008254,1,24
PHX,33.374266,-111.971726,33.435893,-112.008254,1,17
PHX,33.374266,-111.971726,33.435893,-112.008254,1,17
PHX,33.451859,-112.07003,33.435893,-112.008254,1,13
PHX,33.451859,-112.07003,33.435893,-112.008254,1,13
PHX,33.451859,-112.07003,33.435893,-112.008254,1,13
PHX,33.53187,-112.2636,33.435893,-112.008254,1,24
PHX,33.62296,-111.93392,33.435893,-112.008254,2,42
PHX,33.6813,-111.9662,33.435893,-112.008254,3,69
PHX,33.578615,-111.92257,33.435893,-112.008254,1,21
PHX,33.451859,-112.07003,33.435893,-112.008254,1,13
PHX,33.305521,-111.91322,33.435893,-112.008254,1,21
PHX,33.281688,-111.97355,33.435893,-112.008254,1,22
PHX,33.451859,-112.07003,33.435893,-112.008254,1,13
PHX,33.375233,-111.971407,33.435893,-112.008254,1,16
PHX,33.374266,-111.971726,33.435893,-112.008254,1,17
PHX,33.374266,-111.971726,33.435893,-112.008254,1,17
PHX,33.381883,-111.838642,33.435893,-112.008254,2,32
PHX,33.374266,-111.971726,33.435893,-112.008254,1,17
PHX,33.375233,-111.971407,33.435893,-112.008254,1,17
PHX,33.374266,-111.971726,33.435893,-112.008254,1,17
PHX,33.374266,-111.971726,33.435893,-112.008254,1,17
PHX,33.374266,-111.971726,33.435893,-112.008254,2,34
PHX,33.625796,-111.932793,33.435893,-112.008254,1,21
PHX,33.542361,-112.260369,33.435893,-112.008254,1,24
PHX,33.683991,-111.972489,33.435893,-112.008254,2,37
PHX,33.451859,-112.07003,33.435893,-112.008254,1,13
PHX,33.451859,-112.07003,33.435893,-112.008254,2,24
PHX,33.638,-112.2333,33.435893,-112.008254,1,25
PHX,33.6813,-111.9662,33.435893,-112.008254,1,23
PHX,33.451859,-112.07003,33.435893,-112.008254,1,13
PHX,33.684639,-111.972441,33.435893,-112.008254,1,30
PHX,33.624801,-111.933007,33.435893,-112.008254,1,21
PHX,33.625796,-111.932793,33.435893,-112.008254,1,21
PHX,33.449946,-112.071984,33.435893,-112.008254,1,13
PHX,33.452237,-112.070541,33.435893,-112.008254,1,12
PHX,33.624801,-111.933007,33.435893,-112.008254,1,20
PHX,33.625796,-111.932793,33.435893,-112.008254,1,21
PHX,33.623836,-112.18556,33.435893,-112.008254,1,28
PHX,33.549142,-112.04789,33.435893,-112.008254,3,40.8
PHX,33.5991,-111.982,33.435893,-112.008254,1,21
PHX,33.532799,-112.263447,33.435893,-112.008254,1,24
PHX,33.538521,-111.86958,33.435893,-112.008254,1,20
PHX,33.542645,-112.259324,33.435893,-112.008254,1,24
PHX,33.621441,-111.937781,33.435893,-112.008254,1,21
PHX,33.625064,-111.933618,33.435893,-112.008254,1,20
PHX,33.566811,-111.918196,33.435893,-112.008254,2,42
PHX,33.661791,-111.959075,33.435893,-112.008254,2,46
PHX,33.454753,-112.06628,33.435893,-112.008254,1,13
PHX,33.661613,-111.958925,33.435893,-112.008254,1,23
PHX,33.584056,-111.886638,33.435893,-112.008254,1,22
PHX,33.62296,-111.93392,33.435893,-112.008254,1,21
PHX,33.347816,-111.973395,33.435893,-112.008254,1,17
PHX,33.304321,-111.97068,33.435893,-112.008254,1,20
PHX,33.614162,-111.893,33.435893,-112.008254,1,19
PHX,33.586795,-111.88841,33.435893,-112.008254,1,22
PHX,33.461355,-112.17152,33.435893,-112.008254,1,17
PHX,33.625064,-111.933618,33.435893,-112.008254,1,21
PHX,33.661791,-111.959075,33.435893,-112.008254,2,46
PHX,33.378406,-111.96357,33.435893,-112.008254,2,30
PHX,33.635119,-112.23282,33.435893,-112.008254,1,25
PHX,33.333629,-111.970239,33.435893,-112.008254,1,18
PHX,33.484292,-111.92603,33.435893,-112.008254,2,34
PHX,33.805912,-111.92743,33.435893,-112.008254,2,52.8
PHX,33.30819,-111.685016,33.435893,-112.008254,2,48
PHX,33.333629,-111.970239,33.435893,-112.008254,1,18
PHX,33.384143,-111.927541,33.435893,-112.008254,1,15
PHX,33.45118,-111.9875,33.435893,-112.008254,1,15
PHX,33.639224,-111.89621,33.435893,-112.008254,1,17
PHX,33.639224,-111.89621,33.435893,-112.008254,2,30
PHX,33.333629,-111.970239,33.435893,-112.008254,1,18
PHX,33.350044,-111.974612,33.435893,-112.008254,1,17
PHX,33.40208,-111.97143,33.435893,-112.008254,1,13
PHX,33.638,-112.2333,33.435893,-112.008254,1,25
PHX,33.451859,-112.07003,33.435893,-112.008254,2,26
PHX,33.508178,-112.29026,33.435893,-112.008254,1,31
PHX,33.510481,-111.92588,33.435893,-112.008254,1,17
PHX,33.449593,-112.07132,33.435893,-112.008254,1,13
PHX,33.639224,-111.89621,33.435893,-112.008254,2,36
PHX,33.452292,-112.070359,33.435893,-112.008254,1,13
PHX,33.531872,-112.26358,33.435893,-112.008254,1,23
PHX,33.625796,-111.932793,33.435893,-112.008254,1,20
PHX,33.625064,-111.933618,33.435893,-112.008254,1,20
PHX,33.625796,-111.932793,33.435893,-112.008254,1,20
PHX,33.625796,-111.932793,33.435893,-112.008254,1,20
PHX,33.585099,-112.06346,33.435893,-112.008254,2,34
PHX,33.639224,-111.89621,33.435893,-112.008254,2,36
PHX,33.683434,-111.966133,33.435893,-112.008254,1,23
PHX,33.51066,-112.0251,33.435893,-112.008254,1,15
PHX,33.639224,-111.89621,33.435893,-112.008254,1,18
PHX,33.625796,-111.932793,33.435893,-112.008254,1,20
PHX,33.452136,-112.07374,33.435893,-112.008254,1,13
PHX,33.639224,-111.89621,33.435893,-112.008254,2,36
PHX,33.516701,-112.03003,33.435893,-112.008254,1,15
PHX,33.639224,-111.89621,33.435893,-112.008254,2,30
PHX,33.49681,-111.92484,33.435893,-112.008254,1,17
PHX,33.625796,-111.932793,33.435893,-112.008254,1,21
PHX,33.625796,-111.932793,33.435893,-112.008254,1,20
PHX,33.625796,-111.932793,33.435893,-112.008254,2,40
PHX,33.540935,-111.926711,33.435893,-112.008254,1,17
PHX,33.452292,-112.070359,33.435893,-112.008254,1,12
PHX,33.62296,-111.93392,33.435893,-112.008254,1,20
PHX,33.540935,-111.926711,33.435893,-112.008254,1,17
PHX,33.313872,-111.74434,33.435893,-112.008254,1,29
PHX,33.495093,-111.922812,33.435893,-112.008254,1,17
PHX,33.62296,-111.93392,33.435893,-112.008254,2,42
PHX,33.512366,-112.114199,33.435893,-112.008254,1,15
PHX,33.452292,-112.070359,33.435893,-112.008254,1,13
PHX,33.639224,-111.89621,33.435893,-112.008254,1,15
PHX,33.635971,-112.34717,33.435893,-112.008254,1,32
PHX,33.545272,-111.89224,33.435893,-112.008254,1,21
PHX,33.62296,-111.93392,33.435893,-112.008254,1,21
PHX,33.452292,-112.070359,33.435893,-112.008254,1,12
PHX,33.594613,-112.063948,33.435893,-112.008254,1,17
PHX,33.266517,-111.99318,33.435893,-112.008254,2,44
PHX,33.542375,-111.9259,33.435893,-112.008254,1,17
PHX,33.512366,-112.114199,33.435893,-112.008254,1,14
PHX,33.639224,-111.89621,33.435893,-112.008254,1,15
PHX,33.493806,-112.355097,33.435893,-112.008254,1,25
PHX,33.594613,-112.063949,33.435893,-112.008254,1,17
PHX,33.63723,-111.927305,33.435893,-112.008254,1,24
PHX,33.594613,-112.063948,33.435893,-112.008254,1,17
PHX,33.661613,-111.958925,33.435893,-112.008254,2,46
PHX,33.50634,-112.032032,33.435893,-112.008254,1,15
PHX,33.529953,-111.92555,33.435893,-112.008254,1,17
PHX,33.452237,-112.070541,33.435893,-112.008254,1,12
PHX,33.49681,-111.92484,33.435893,-112.008254,2,30
PHX,33.451859,-112.07003,33.435893,-112.008254,1,10.4
PHX,33.495071,-111.92338,33.435893,-112.008254,2,30
PHX,33.683434,-111.966133,33.435893,-112.008254,1,23
PHX,33.49681,-111.92484,33.435893,-112.008254,2,34
PHX,33.451859,-112.07003,33.435893,-112.008254,2,26
PHX,33.266517,-111.99318,33.435893,-112.008254,1,22
PHX,33.49681,-111.92484,33.435893,-112.008254,1,17
PHX,33.541244,-112.261101,33.435893,-112.008254,1,24
PHX,33.49681,-111.92484,33.435893,-112.008254,4,68
PHX,33.594613,-112.063948,33.435893,-112.008254,1,17
PHX,33.451859,-112.07003,33.435893,-112.008254,1,13
PHX,33.379452,-111.96257,33.435893,-112.008254,1,13
PHX,33.524305,-112.022672,33.435893,-112.008254,1,15
PHX,33.452237,-112.070541,33.435893,-112.008254,1,12
PHX,33.585099,-112.06346,33.435893,-112.008254,1,16
PHX,33.449668,-112.07289,33.435893,-112.008254,1,13
PHX,33.547495,-112.045563,33.435893,-112.008254,2,32
PHX,33.541305,-112.260993,33.435893,-112.008254,1,24
PHX,33.594613,-112.063949,33.435893,-112.008254,1,17
PHX,33.545272,-111.89224,33.435893,-112.008254,1,21
PHX,33.510481,-111.92588,33.435893,-112.008254,1,17
PHX,33.531178,-111.96499,33.435893,-112.008254,3,51
PHX,33.50634,-112.032032,33.435893,-112.008254,1,15
PHX,33.641219,-112.113224,33.435893,-112.008254,1,21
PHX,33.585099,-112.06346,33.435893,-112.008254,1,17
PHX,33.585099,-112.06346,33.435893,-112.008254,1,17
PHX,33.638737,-111.922913,33.435893,-112.008254,1,25
PHX,33.464512,-111.98694,33.435893,-112.008254,1,15
PHX,33.446385,-112.07404,33.435893,-112.008254,1,13
PHX,33.540688,-112.26064,33.435893,-112.008254,1,24
PHX,33.595608,-111.985803,33.435893,-112.008254,1,21
PHX,33.634479,-112.23402,33.435893,-112.008254,1,25
PHX,33.632424,-112.235851,33.435893,-112.008254,1,25
PHX,33.644802,-111.9146,33.435893,-112.008254,1,25
PHX,33.510059,-111.925591,33.435893,-112.008254,1,16
PHX,33.523618,-112.023156,33.435893,-112.008254,1,14
PHX,33.50634,-112.032032,33.435893,-112.008254,1,15
PHX,33.540371,-111.87087,33.435893,-112.008254,1,21
PHX,33.548098,-111.91671,33.435893,-112.008254,1,21
PHX,33.493466,-112.35531,33.435893,-112.008254,1,25
PHX,33.516701,-112.03003,33.435893,-112.008254,1,15
PHX,33.376256,-111.97182,33.435893,-112.008254,1,17
PHX,33.516701,-112.03003,33.435893,-112.008254,1,14
PHX,33.516701,-112.03003,33.435893,-112.008254,1,15
PHX,33.524305,-112.022672,33.435893,-112.008254,1,15
PHX,33.456702,-112.342634,33.435893,-112.008254,1,25
PHX,33.378084,-111.843025,33.435893,-112.008254,1,16
PHX,33.585099,-112.06346,33.435893,-112.008254,1,17
PHX,33.493806,-112.355097,33.435893,-112.008254,1,25
PHX,33.585099,-112.06346,33.435893,-112.008254,1,17
PHX,33.374266,-111.971726,33.435893,-112.008254,1,16
PHX,33.64516,-111.917529,33.435893,-112.008254,1,25
PHX,33.585099,-112.06346,33.435893,-112.008254,1,17
PHX,33.585099,-112.06346,33.435893,-112.008254,1,17
PHX,33.266604,-111.992501,33.435893,-112.008254,2,42
PHX,33.266604,-111.992501,33.435893,-112.008254,2,44
PHX,33.461345,-112.171505,33.435893,-112.008254,1,17
PHX,33.635807,-112.23622,33.435893,-112.008254,1,25
PHX,33.511077,-112.024948,33.435893,-112.008254,2,30
PHX,33.699692,-112.110557,33.435893,-112.008254,1,24
PHX,33.563919,-111.92587,33.435893,-112.008254,1,21
PHX,33.482436,-112.077424,33.435893,-112.008254,1,15
PHX,33.493466,-112.35531,33.435893,-112.008254,1,25
PHX,33.660221,-112.37813,33.435893,-112.008254,1,31
PHX,33.492289,-112.07529,33.435893,-112.008254,1,15
PHX,33.706813,-112.112484,33.435893,-112.008254,1,30
PHX,33.376227,-111.971443,33.435893,-112.008254,2,27.2
PHX,33.266517,-111.99318,33.435893,-112.008254,1,22
PHX,33.514894,-111.92492,33.435893,-112.008254,1,17
PHX,33.266517,-111.993184,33.435893,-112.008254,1,22
PHX,33.548745,-111.91569,33.435893,-112.008254,1,21
PHX,33.266517,-111.99318,33.435893,-112.008254,3,63
PHX,33.530521,-111.972475,33.435893,-112.008254,2,34
PHX,33.681491,-111.968056,33.435893,-112.008254,1,23
PHX,33.43133,-111.84597,33.435893,-112.008254,2,34
PHX,33.281688,-111.973552,33.435893,-112.008254,1,22
PHX,33.625796,-111.932793,33.435893,-112.008254,1,21
PHX,33.266604,-111.992501,33.435893,-112.008254,1,22
PHX,33.639224,-111.89621,33.435893,-112.008254,2,50
PHX,33.595608,-111.985803,33.435893,-112.008254,1,20
PHX,33.595732,-111.98569,33.435893,-112.008254,1,21
PHX,33.531178,-111.96499,33.435893,-112.008254,1,16
PHX,33.510481,-111.92588,33.435893,-112.008254,5,85
PHX,33.288368,-111.89114,33.435893,-112.008254,1,21
PHX,33.647364,-111.90777,33.435893,-112.008254,3,46
